20180922,17:09:33,50.75,
20180922,17:09:34,50.75,
20180922,17:09:35,51.25,
20180922,17:09:36,51.75,
20180922,17:09:38,51.75,
20180922,17:09:39,52.0,
20180922,17:09:40,52.5,
20180922,17:09:41,52.25,
20180922,17:09:42,51.5,
20180922,17:09:44,51.0,
20180922,17:09:45,50.25,
20180922,17:09:46,49.75,
20180922,17:09:47,49.25,
20180922,17:09:48,48.75,
20180922,17:09:50,48.5,
20180922,17:09:51,48.75,
20180922,17:09:52,48.75,
20180922,17:09:53,49.0,
20180922,17:09:54,48.75,
20180922,17:09:56,48.75,
20180922,17:09:57,48.5,
20180922,17:09:58,48.25,
20180922,17:09:59,48.25,
20180922,17:10:01,48.25,
20180922,17:10:02,48.25,
20180922,17:10:03,48.25,
20180922,17:10:04,48.25,
20180922,17:10:05,48.25,
20180922,17:10:07,48.25,
20180922,17:10:08,48.5,
20180922,17:10:09,48.25,
20180922,17:10:10,48.0,
20180922,17:10:11,48.0,
20180922,17:10:13,47.75,
20180922,17:10:14,47.5,
20180922,17:10:15,47.75,
20180922,17:10:16,47.75,
20180922,17:10:17,48.25,
20180922,17:10:19,48.0,
20180922,17:10:20,48.25,
20180922,17:10:21,48.0,
20180922,17:10:22,48.0,
20180922,17:10:24,47.75,
20180922,17:10:25,47.75,
20180922,17:10:26,47.5,
20180922,17:10:27,47.0,
20180922,17:10:28,47.0,
20180922,17:10:30,47.25,
20180922,17:10:31,47.0,
20180922,17:10:32,47.25,
20180922,17:10:33,47.25,
20180922,17:10:34,47.25,
20180922,17:10:36,47.25,
20180922,17:10:37,47.0,
20180922,17:10:38,47.0,
20180922,17:10:39,46.75,
20180922,17:10:40,46.5,
20180922,17:10:42,46.75,
20180922,17:10:43,46.5,
20180922,17:10:44,46.75,
20180922,17:10:45,46.75,
20180922,17:10:47,46.5,
20180922,17:10:48,46.5,
20180922,17:10:49,46.5,
20180922,17:10:50,46.75,
20180922,17:10:51,46.75,
20180922,17:10:53,46.75,
20180922,17:10:54,46.25,
20180922,17:10:55,46.0,
20180922,17:10:56,45.5,
20180922,17:10:57,45.5,
20180922,17:10:59,45.5,
20180922,17:11:00,45.5,
20180922,17:11:01,45.75,
20180922,17:11:02,45.75,
20180922,17:11:03,45.75,
20180922,17:11:05,45.5,
20180922,17:11:06,45.5,
20180922,17:11:07,45.25,
20180922,17:11:08,45.0,
20180922,17:11:10,44.75,
20180922,17:11:11,45.0,
20180922,17:11:12,45.5,
20180922,17:11:13,45.25,
20180922,17:11:14,45.0,
20180922,17:11:16,45.0,
20180922,17:11:17,44.5,
20180922,17:11:18,44.0,
20180922,17:11:19,44.5,
20180922,17:11:20,44.75,
20180922,17:11:22,44.75,
20180922,17:11:23,44.5,
20180922,17:11:24,44.75,
20180922,17:11:25,45.25,
20180922,17:11:26,45.5,
20180922,17:11:28,46.0,
20180922,17:11:29,46.0,
20180922,17:11:30,45.75,
20180922,17:11:31,45.5,
20180922,17:11:33,45.25,
20180922,17:11:34,45.25,
20180922,17:11:35,45.0,
20180922,17:11:36,44.75,
20180922,17:11:37,44.5,
20180922,17:11:39,44.25,
20180922,17:11:40,43.5,
20180922,17:11:41,43.5,
20180922,17:11:42,43.0,
20180922,17:11:43,42.5,
20180922,17:11:45,42.25,
20180922,17:11:46,41.75,
20180922,17:11:47,41.5,
20180922,17:11:48,41.25,
20180922,17:11:49,41.0,
20180922,17:11:51,40.5,
20180922,17:11:52,40.5,
20180922,17:11:53,39.75,
20180922,17:11:54,39.5,
20180922,17:11:56,39.25,
20180922,17:11:57,39.0,
20180922,17:11:58,39.0,
20180922,17:11:59,39.0,
20180922,17:12:00,39.0,
20180922,17:12:02,39.0,
20180922,17:12:03,39.0,
20180922,17:12:04,39.0,
20180922,17:12:05,39.0,
20180922,17:12:06,39.0,
20180922,17:12:08,39.25,
20180922,17:12:09,39.5,
20180922,17:12:10,40.0,
20180922,17:12:11,40.25,
20180922,17:12:12,40.25,
20180922,17:12:14,40.75,
20180922,17:12:15,40.75,
20180922,17:12:16,40.75,
20180922,17:12:17,40.5,
20180922,17:12:18,41.0,
20180922,17:12:20,21.75,
20180922,17:12:21,37.0,
20180922,17:12:22,37.25,
20180922,17:12:23,41.25,
20180922,17:12:25,41.5,
20180922,17:12:26,41.5,
20180922,17:12:27,41.5,
20180922,17:12:28,41.5,
20180922,17:12:29,41.5,
20180922,17:12:31,41.75,
20180922,17:12:32,41.75,
20180922,17:12:33,42.25,
20180922,17:12:34,42.5,
20180922,17:12:35,42.25,
20180922,17:12:37,42.5,
20180922,17:12:38,42.25,
20180922,17:12:39,42.25,
20180922,17:12:40,42.25,
20180922,17:12:41,42.5,
20180922,17:12:43,42.25,
20180922,17:12:44,42.0,
20180922,17:12:45,42.25,
20180922,17:12:46,41.75,
20180922,17:12:48,41.75,
20180922,17:12:49,41.25,
20180922,17:12:50,41.0,
20180922,17:12:51,41.25,
20180922,17:12:52,41.0,
20180922,17:12:54,40.5,
20180922,17:12:55,40.25,
20180922,17:12:56,40.0,
20180922,17:12:57,39.75,
20180922,17:12:58,39.75,
20180922,17:13:00,39.75,
20180922,17:13:01,39.75,
20180922,17:13:02,39.75,
20180922,17:13:03,39.5,
20180922,17:13:04,39.25,
20180922,17:13:06,39.5,
20180922,17:13:07,39.25,
20180922,17:13:08,39.25,
20180922,17:13:09,38.75,
20180922,17:13:11,38.75,
20180922,17:13:12,38.75,
20180922,17:13:13,38.75,
20180922,17:13:14,38.75,
20180922,17:13:15,39.25,
20180922,17:13:17,39.5,
20180922,17:13:18,39.0,
20180922,17:13:19,38.75,
20180922,17:13:20,38.5,
20180922,17:13:21,38.25,
20180922,17:13:23,38.0,
20180922,17:13:24,38.0,
20180922,17:13:25,37.75,
20180922,17:13:26,37.5,
20180922,17:13:27,37.25,
20180922,17:13:29,37.0,
20180922,17:13:30,36.75,
20180922,17:13:31,36.5,
20180922,17:13:32,36.0,
20180922,17:13:34,35.75,
20180922,17:13:35,35.5,
20180922,17:13:36,35.5,
20180922,17:13:37,35.0,
20180922,17:13:38,34.75,
20180922,17:13:40,34.75,
20180922,17:13:41,34.75,
20180922,17:13:42,35.0,
20180922,17:13:43,35.0,
20180922,17:13:44,35.0,
20180922,17:13:46,35.0,
20180922,17:13:47,34.75,
20180922,17:13:48,34.75,
20180922,17:13:49,35.0,
20180922,17:13:50,35.25,
20180922,17:13:52,35.75,
20180922,17:13:53,35.75,
20180922,17:13:54,36.0,
20180922,17:13:55,36.25,
20180922,17:13:57,36.5,
20180922,17:13:58,36.25,
20180922,17:13:59,36.0,
20180922,17:14:00,35.75,
20180922,17:14:01,35.75,
20180922,17:14:03,36.0,
20180922,17:14:04,35.75,
20180922,17:14:05,35.75,
20180922,17:14:06,35.5,
20180922,17:14:07,35.75,
20180922,17:14:09,35.75,
20180922,17:14:10,36.25,
20180922,17:14:11,36.5,
20180922,17:14:12,36.25,
20180922,17:14:13,36.25,
20180922,17:14:15,36.25,
20180922,17:14:16,36.5,
20180922,17:14:17,36.5,
20180922,17:14:18,36.5,
20180922,17:14:20,36.75,
20180922,17:14:21,37.25,
20180922,17:14:22,37.25,
20180922,17:14:23,37.5,
20180922,17:14:24,37.5,
20180922,17:14:26,37.75,
20180922,17:14:27,38.0,
20180922,17:14:28,38.75,
20180922,17:14:29,39.25,
20180922,17:14:30,39.25,
20180922,17:14:32,39.0,
20180922,17:14:33,38.5,
20180922,17:14:34,38.25,
20180922,17:14:35,38.0,
20180922,17:14:36,37.75,
20180922,17:14:38,37.5,
20180922,17:14:39,37.5,
20180922,17:14:40,37.5,
20180922,17:14:41,37.75,
20180922,17:14:43,37.5,
20180922,17:14:44,37.25,
20180922,17:14:45,37.0,
20180922,17:14:46,37.25,
20180922,17:14:47,37.25,
20180922,17:14:49,37.25,
20180922,17:14:50,37.25,
20180922,17:14:51,37.25,
20180922,17:14:52,37.0,
20180922,17:14:53,36.75,
20180922,17:14:55,36.5,
20180922,17:14:56,36.25,
20180922,17:14:57,36.0,
20180922,17:14:58,35.75,
20180922,17:14:59,35.75,
20180922,17:15:01,35.5,
20180922,17:15:02,35.75,
20180922,17:15:03,35.75,
20180922,17:15:04,35.25,
20180922,17:15:06,35.25,
20180922,17:15:07,35.25,
20180922,17:15:08,35.25,
20180922,17:15:09,32.25,
20180922,17:15:10,30.75,
20180922,17:15:12,34.75,
20180922,17:15:13,34.75,
20180922,17:15:14,33.75,
20180922,17:15:15,35.0,
20180922,17:15:16,34.75,
20180922,17:15:18,34.75,
20180922,17:15:19,34.75,
20180922,17:15:20,35.0,
20180922,17:15:21,35.5,
20180922,17:15:22,35.75,
20180922,17:15:24,35.75,
20180922,17:15:25,34.75,
20180922,17:15:26,35.75,
20180922,17:15:27,35.5,
20180922,17:15:29,35.25,
20180922,17:15:30,35.0,
20180922,17:15:31,33.25,
20180922,17:15:32,35.0,
20180922,17:15:33,31.5,
20180922,17:15:35,33.25,
20180922,17:15:36,34.25,
20180922,17:15:37,34.25,
20180922,17:15:38,34.0,
20180922,17:15:39,34.0,
20180922,17:15:41,33.75,
20180922,17:15:42,33.75,
20180922,17:15:43,33.75,
20180922,17:15:44,34.0,
20180922,17:15:45,34.0,
20180922,17:15:47,34.0,
20180922,17:15:48,34.0,
20180922,17:15:49,34.0,
20180922,17:15:50,34.0,
20180922,17:15:52,34.0,
20180922,17:15:53,34.0,
20180922,17:15:54,34.0,
20180922,17:15:55,34.25,
20180922,17:15:56,34.5,
20180922,17:15:58,34.25,
20180922,17:15:59,34.0,
20180922,17:16:00,34.0,
20180922,17:16:01,34.5,
20180922,17:16:02,34.25,
20180922,17:16:04,34.25,
20180922,17:16:05,34.25,
20180922,17:16:06,33.75,
20180922,17:16:07,34.0,
20180922,17:16:08,34.0,
20180922,17:16:10,34.0,
20180922,17:16:11,34.0,
20180922,17:16:12,33.75,
20180922,17:16:13,33.75,
20180922,17:16:15,33.5,
20180922,17:16:16,33.75,
20180922,17:16:17,33.75,
20180922,17:16:18,33.5,
20180922,17:16:19,33.75,
20180922,17:16:21,33.75,
20180922,17:16:22,33.5,
20180922,17:16:23,33.25,
20180922,17:16:24,33.25,
20180922,17:16:25,33.0,
20180922,17:16:27,33.0,
20180922,17:16:28,33.0,
20180922,17:16:29,33.0,
20180922,17:16:30,32.75,
20180922,17:16:31,32.75,
20180922,17:16:33,32.75,
20180922,17:16:34,32.25,
20180922,17:16:35,32.25,
20180922,17:16:36,32.0,
20180922,17:16:38,32.0,
20180922,17:16:39,32.0,
20180922,17:16:40,31.75,
20180922,17:16:41,31.75,
20180922,17:16:42,31.75,
20180922,17:16:44,31.75,
20180922,17:16:45,31.75,
20180922,17:16:46,31.75,
20180922,17:16:47,31.75,
20180922,17:16:48,31.75,
20180922,17:16:50,31.75,
20180922,17:16:51,31.75,
20180922,17:16:52,31.5,
20180922,17:16:53,31.5,
20180922,17:16:54,31.5,
20180922,17:16:56,31.5,
20180922,17:16:57,31.5,
20180922,17:16:58,31.25,
20180922,17:16:59,31.25,
20180922,17:17:01,31.25,
20180922,17:17:02,31.25,
20180922,17:17:03,31.25,
20180922,17:17:04,31.25,
20180922,17:17:05,31.25,
20180922,17:17:07,31.25,
20180922,17:17:08,31.5,
20180922,17:17:09,31.5,
20180922,17:17:10,31.5,
20180922,17:17:11,31.25,
20180922,17:17:13,31.25,
20180922,17:17:14,31.25,
20180922,17:17:15,31.25,
20180922,17:17:16,31.25,
20180922,17:17:17,31.0,
20180922,17:17:19,31.0,
20180922,17:17:20,31.0,
20180922,17:17:21,31.0,
20180922,17:17:22,31.0,
20180922,17:17:23,31.0,
20180922,17:17:25,31.0,
20180922,17:17:26,30.75,
20180922,17:17:27,30.75,
20180922,17:17:28,30.75,
20180922,17:17:30,30.75,
20180922,17:17:31,30.75,
20180922,17:17:32,30.5,
20180922,17:17:33,30.5,
20180922,17:17:34,30.75,
20180922,17:17:36,30.5,
20180922,17:17:37,30.5,
20180922,17:17:38,30.25,
20180922,17:17:39,30.25,
20180922,17:17:40,30.0,
20180922,17:17:42,30.0,
20180922,17:17:43,30.0,
20180922,17:17:44,30.0,
20180922,17:17:45,30.0,
20180922,17:17:46,30.0,
20180922,17:17:48,30.0,
20180922,17:17:49,30.0,
20180922,17:17:50,30.0,
20180922,17:17:51,30.0,
20180922,17:17:53,30.0,
20180922,17:17:54,30.0,
20180922,17:17:55,30.0,
20180922,17:17:56,30.0,
20180922,17:17:57,30.0,
20180922,17:17:59,30.0,
20180922,17:18:00,30.0,
20180922,17:18:01,30.0,
20180922,17:18:02,30.25,
20180922,17:18:03,30.25,
20180922,17:18:05,30.25,
20180922,17:18:06,30.25,
20180922,17:18:07,30.0,
20180922,17:18:08,30.0,
20180922,17:18:09,30.0,
20180922,17:18:11,30.0,
20180922,17:18:12,29.75,
20180922,17:18:13,29.75,
20180922,17:18:14,29.75,
20180922,17:18:16,29.5,
20180922,17:18:17,29.75,
20180922,17:18:18,29.75,
20180922,17:18:19,29.75,
20180922,17:18:20,29.75,
20180922,17:18:22,29.5,
20180922,17:18:23,29.5,
20180922,17:18:24,29.75,
20180922,17:18:25,29.75,
20180922,17:18:26,29.75,
20180922,17:18:28,29.75,
20180922,17:18:29,29.75,
20180922,17:18:30,29.75,
20180922,17:18:31,30.0,
20180922,17:18:32,29.75,
20180922,17:18:34,29.75,
20180922,17:18:35,29.75,
20180922,17:18:36,29.75,
20180922,17:18:37,29.75,
20180922,17:18:39,30.0,
20180922,17:18:40,29.75,
20180922,17:18:41,30.0,
20180922,17:18:42,30.0,
20180922,17:18:43,30.0,
20180922,17:18:45,30.0,
20180922,17:18:46,30.0,
20180922,17:18:47,30.0,
20180922,17:18:48,30.0,
20180922,17:18:49,30.0,
20180922,17:18:51,30.0,
20180922,17:18:52,29.75,
20180922,17:18:53,29.75,
20180922,17:18:54,29.75,
20180922,17:18:55,29.75,
20180922,17:18:57,29.5,
20180922,17:18:58,29.5,
20180922,17:18:59,29.5,
20180922,17:19:00,29.5,
20180922,17:19:02,29.5,
20180922,17:19:03,29.5,
20180922,17:19:04,29.5,
20180922,17:19:05,29.5,
20180922,17:19:06,29.5,
20180922,17:19:08,29.5,
20180922,17:19:09,29.5,
20180922,17:19:10,29.5,
20180922,17:19:11,29.5,
20180922,17:19:12,29.5,
20180922,17:19:14,29.25,
20180922,17:19:15,29.25,
20180922,17:19:16,29.25,
20180922,17:19:17,29.25,
20180922,17:19:18,29.25,
20180922,17:19:20,29.25,
20180922,17:19:21,29.25,
20180922,17:19:22,29.25,
20180922,17:19:23,29.25,
20180922,17:19:25,29.25,
20180922,17:19:26,29.5,
20180922,17:19:27,29.75,
20180922,17:19:28,29.5,
20180922,17:19:29,29.5,
20180922,17:19:31,29.75,
20180922,17:19:32,29.75,
20180922,17:19:33,29.5,
20180922,17:19:34,29.5,
20180922,17:19:35,29.5,
20180922,17:19:37,29.5,
20180922,17:19:38,29.25,
20180922,17:19:39,29.25,
20180922,17:19:40,29.25,
20180922,17:19:41,29.0,
20180922,17:19:43,29.0,
20180922,17:19:44,29.0,
20180922,17:19:45,29.0,
20180922,17:19:46,29.0,
20180922,17:19:48,29.0,
20180922,17:19:49,28.75,
20180922,17:19:50,28.75,
20180922,17:19:51,28.75,
20180922,17:19:52,28.5,
20180922,17:19:54,28.5,
20180922,17:19:55,28.5,
20180922,17:19:56,28.75,
20180922,17:19:57,28.75,
20180922,17:19:58,28.75,
20180922,17:20:00,29.0,
20180922,17:20:01,28.75,
20180922,17:20:02,28.75,
20180922,17:20:03,28.75,
20180922,17:20:04,28.75,
20180922,17:20:06,28.5,
20180922,17:20:07,28.5,
20180922,17:20:08,28.5,
20180922,17:20:09,28.5,
20180922,17:20:11,28.5,
20180922,17:20:12,28.5,
20180922,17:20:13,28.25,
20180922,17:20:14,28.25,
20180922,17:20:15,28.25,
20180922,17:20:17,28.25,
20180922,17:20:18,28.25,
20180922,17:20:19,28.5,
20180922,17:20:20,28.75,
20180922,17:20:21,28.75,
20180922,17:20:23,28.75,
20180922,17:20:24,28.75,
20180922,17:20:25,28.75,
20180922,17:20:26,28.5,
20180922,17:20:27,28.5,
20180922,17:20:29,28.5,
20180922,17:20:30,28.5,
20180922,17:20:31,28.25,
20180922,17:20:32,28.5,
20180922,17:20:34,28.5,
20180922,17:20:35,28.25,
20180922,17:20:36,28.25,
20180922,17:20:37,28.25,
20180922,17:20:38,28.5,
20180922,17:20:40,28.5,
20180922,17:20:41,28.25,
20180922,17:20:42,28.25,
20180922,17:20:43,28.25,
20180922,17:20:44,28.25,
20180922,17:20:46,28.25,
20180922,17:20:47,28.25,
20180922,17:20:48,28.25,
20180922,17:20:49,28.25,
20180922,17:20:50,28.25,
20180922,17:20:52,28.25,
20180922,17:20:53,28.25,
20180922,17:20:54,28.25,
20180922,17:20:55,28.25,
20180922,17:20:57,28.25,
20180922,17:20:58,28.25,
20180922,17:20:59,28.25,
20180922,17:21:00,28.0,
20180922,17:21:01,28.0,
20180922,17:21:03,28.0,
20180922,17:21:04,28.0,
20180922,17:21:05,28.0,
20180922,17:21:06,28.0,
20180922,17:21:07,27.75,
20180922,17:21:09,27.75,
20180922,17:21:10,27.75,
20180922,17:21:11,27.75,
20180922,17:21:12,27.75,
20180922,17:21:13,27.0,
20180922,17:21:15,26.0,
20180922,17:21:16,27.75,
20180922,17:21:17,28.0,
20180922,17:21:18,27.75,
20180922,17:21:20,27.75,
20180922,17:21:21,21.75,
20180922,17:21:22,26.75,
20180922,17:21:23,27.75,
20180922,17:21:24,27.75,
20180922,17:21:26,27.75,
20180922,17:21:27,27.75,
20180922,17:21:28,27.0,
20180922,17:21:29,27.75,
20180922,17:21:30,25.0,
20180922,17:21:32,26.75,
20180922,17:21:33,27.75,
20180922,17:21:34,27.75,
20180922,17:21:35,27.75,
20180922,17:21:36,27.75,
20180922,17:21:38,27.75,
20180922,17:21:39,27.75,
20180922,17:21:40,27.75,
20180922,17:21:41,27.75,
20180922,17:21:42,27.75,
20180922,17:21:44,27.75,
20180922,17:21:45,27.5,
20180922,17:21:46,27.5,
20180922,17:21:47,27.5,
20180922,17:21:49,27.5,
20180922,17:21:50,27.5,
20180922,17:21:51,27.75,
20180922,17:21:52,27.75,
20180922,17:21:53,27.75,
20180922,17:21:55,27.75,
20180922,17:21:56,27.75,
20180922,17:21:57,27.75,
20180922,17:21:58,27.75,
20180922,17:21:59,27.75,
20180922,17:22:01,26.75,
20180922,17:22:02,26.5,
20180922,17:22:03,25.0,
20180922,17:22:04,24.0,
20180922,17:22:05,24.25,
20180922,17:22:07,24.25,
20180922,17:22:08,23.25,
20180922,17:22:09,22.75,
20180922,17:22:10,23.0,
20180922,17:22:12,24.5,
20180922,17:22:13,23.5,
20180922,17:22:14,24.75,
20180922,17:22:15,27.75,
20180922,17:22:16,27.75,
20180922,17:22:18,27.75,
20180922,17:22:19,27.75,
20180922,17:22:20,27.75,
20180922,17:22:21,27.5,
20180922,17:22:22,27.75,
20180922,17:22:24,27.5,
20180922,17:22:25,27.5,
20180922,17:22:26,27.5,
20180922,17:22:27,27.75,
20180922,17:22:28,27.75,
20180922,17:22:30,27.75,
20180922,17:22:31,27.5,
20180922,17:22:32,27.5,
20180922,17:22:33,27.5,
20180922,17:22:35,27.5,
20180922,17:22:36,27.5,
20180922,17:22:37,27.5,
20180922,17:22:38,27.5,
20180922,17:22:39,27.5,
20180922,17:22:41,27.5,
20180922,17:22:42,27.5,
20180922,17:22:43,27.5,
20180922,17:22:44,27.25,
20180922,17:22:45,27.5,
20180922,17:22:47,27.25,
20180922,17:22:48,27.25,
20180922,17:22:49,27.25,
20180922,17:22:50,27.25,
20180922,17:22:51,27.0,
20180922,17:22:53,27.25,
20180922,17:22:54,27.25,
20180922,17:22:55,27.0,
20180922,17:22:56,27.0,
20180922,17:22:58,27.0,
20180922,17:22:59,27.0,
20180922,17:23:00,27.0,
20180922,17:23:01,27.0,
20180922,17:23:02,27.0,
20180922,17:23:04,27.0,
20180922,17:23:05,27.0,
20180922,17:23:06,27.0,
20180922,17:23:07,27.0,
20180922,17:23:08,27.0,
20180922,17:23:10,27.0,
20180922,17:23:11,27.0,
20180922,17:23:12,27.0,
20180922,17:23:13,27.25,
20180922,17:23:14,27.25,
20180922,17:23:16,27.25,
20180922,17:23:17,27.25,
20180922,17:23:18,27.0,
20180922,17:23:19,27.25,
20180922,17:23:21,27.0,
20180922,17:23:22,27.25,
20180922,17:23:23,27.25,
20180922,17:23:24,27.0,
20180922,17:23:25,27.0,
20180922,17:23:27,27.0,
20180922,17:23:28,27.25,
20180922,17:23:29,27.25,
20180922,17:23:30,27.25,
20180922,17:23:31,27.25,
20180922,17:23:33,27.25,
20180922,17:23:34,27.25,
20180922,17:23:35,27.25,
20180922,17:23:36,27.25,
20180922,17:23:37,27.0,
20180922,17:23:39,27.0,
20180922,17:23:40,27.25,
20180922,17:23:41,27.25,
20180922,17:23:42,27.25,
20180922,17:23:44,27.0,
20180922,17:23:45,27.0,
20180922,17:23:46,27.25,
20180922,17:23:47,27.0,
20180922,17:23:48,27.0,
20180922,17:23:50,27.0,
20180922,17:23:51,27.0,
20180922,17:23:52,27.0,
20180922,17:23:53,27.0,
20180922,17:23:54,27.0,
20180922,17:23:56,27.0,
20180922,17:23:57,27.0,
20180922,17:23:58,27.0,
20180922,17:23:59,27.0,
20180922,17:24:00,26.75,
20180922,17:24:02,26.75,
20180922,17:24:03,26.75,
20180922,17:24:04,26.75,
20180922,17:24:05,26.75,
20180922,17:24:07,26.75,
20180922,17:24:08,26.75,
20180922,17:24:09,26.75,
20180922,17:24:10,26.5,
20180922,17:24:11,26.75,
20180922,17:24:13,26.75,
20180922,17:24:14,26.75,
20180922,17:24:15,26.75,
20180922,17:24:16,26.75,
20180922,17:24:17,26.75,
20180922,17:24:19,26.75,
20180922,17:24:20,27.0,
20180922,17:24:21,27.0,
20180922,17:24:22,26.75,
20180922,17:24:23,27.0,
20180922,17:24:25,27.0,
20180922,17:24:26,27.0,
20180922,17:24:27,27.0,
20180922,17:24:28,27.0,
20180922,17:24:30,27.0,
20180922,17:24:31,27.0,
20180922,17:24:32,27.0,
20180922,17:24:33,27.0,
20180922,17:24:34,27.0,
20180922,17:24:36,27.0,
20180922,17:24:37,27.0,
20180922,17:24:38,27.0,
20180922,17:24:39,26.75,
20180922,17:24:40,26.75,
20180922,17:24:42,26.75,
20180922,17:24:43,26.75,
20180922,17:24:44,26.75,
20180922,17:24:45,26.75,
20180922,17:24:46,26.75,
20180922,17:24:48,26.75,
20180922,17:24:49,26.75,
20180922,17:24:50,26.75,
20180922,17:24:51,26.75,
20180922,17:24:53,26.75,
20180922,17:24:54,26.75,
20180922,17:24:55,26.5,
20180922,17:24:56,26.5,
20180922,17:24:57,26.5,
20180922,17:24:59,26.5,
20180922,17:25:00,26.5,
20180922,17:25:01,26.5,
20180922,17:25:02,26.5,
20180922,17:25:03,26.5,
20180922,17:25:05,26.5,
20180922,17:25:06,26.5,
20180922,17:25:07,26.5,
20180922,17:25:08,26.5,
20180922,17:25:09,26.5,
20180922,17:25:11,26.5,
20180922,17:25:12,26.5,
20180922,17:25:13,26.5,
20180922,17:25:14,26.5,
20180922,17:25:16,26.5,
20180922,17:25:17,26.5,
20180922,17:25:18,26.5,
20180922,17:25:19,26.5,
20180922,17:25:20,26.5,
20180922,17:25:22,26.5,
20180922,17:25:23,26.5,
20180922,17:25:24,26.5,
20180922,17:25:25,26.5,
20180922,17:25:26,26.5,
20180922,17:25:28,26.5,
20180922,17:25:29,26.5,
20180922,17:25:30,26.5,
20180922,17:25:31,26.5,
20180922,17:25:32,26.5,
20180922,17:25:34,26.5,
20180922,17:25:35,26.5,
20180922,17:25:36,26.5,
20180922,17:25:37,26.5,
20180922,17:25:39,26.5,
20180922,17:25:40,26.5,
20180922,17:25:41,26.75,
20180922,17:25:42,26.5,
20180922,17:25:43,26.5,
20180922,17:25:45,26.5,
20180922,17:25:46,26.5,
20180922,17:25:47,26.5,
20180922,17:25:48,26.5,
20180922,17:25:49,26.75,
20180922,17:25:51,26.75,
20180922,17:25:52,26.75,
20180922,17:25:53,26.5,
20180922,17:25:54,25.0,
20180922,17:25:55,24.0,
20180922,17:25:57,22.0,
20180922,17:25:58,20.75,
20180922,17:25:59,21.0,
20180922,17:26:00,24.25,
20180922,17:26:01,26.5,
20180922,17:26:03,26.5,
20180922,17:26:04,26.5,
20180922,17:26:05,26.5,
20180922,17:26:06,26.5,
20180922,17:26:08,26.5,
20180922,17:26:09,26.5,
20180922,17:26:10,26.25,
20180922,17:26:11,26.25,
20180922,17:26:12,26.25,
20180922,17:26:14,26.25,
20180922,17:26:15,26.25,
20180922,17:26:16,26.25,
20180922,17:26:17,26.25,
20180922,17:26:18,26.25,
20180922,17:26:20,26.25,
20180922,17:26:21,26.0,
20180922,17:26:22,26.0,
20180922,17:26:23,26.0,
20180922,17:26:24,26.0,
20180922,17:26:26,26.0,
20180922,17:26:27,26.25,
20180922,17:26:28,26.25,
20180922,17:26:29,26.25,
20180922,17:26:31,26.25,
20180922,17:26:32,26.25,
20180922,17:26:33,26.0,
20180922,17:26:34,26.0,
20180922,17:26:35,26.0,
20180922,17:26:37,26.0,
20180922,17:26:38,26.0,
20180922,17:26:39,26.0,
20180922,17:26:40,26.0,
20180922,17:26:41,26.0,
20180922,17:26:43,26.0,
20180922,17:26:44,26.0,
20180922,17:26:45,26.0,
20180922,17:26:46,26.25,
20180922,17:26:47,26.0,
20180922,17:26:49,26.0,
20180922,17:26:50,26.0,
20180922,17:26:51,26.0,
20180922,17:26:52,25.75,
20180922,17:26:54,26.0,
20180922,17:26:55,26.0,
20180922,17:26:56,26.25,
20180922,17:26:57,26.25,
20180922,17:26:58,26.25,
20180922,17:27:00,26.25,
20180922,17:27:01,25.75,
20180922,17:27:02,26.0,
20180922,17:27:03,26.0,
20180922,17:27:04,26.0,
20180922,17:27:06,26.0,
20180922,17:27:07,25.5,
20180922,17:27:08,26.0,
20180922,17:27:09,26.0,
20180922,17:27:10,26.0,
20180922,17:27:12,26.25,
20180922,17:27:13,26.25,
20180922,17:27:14,26.25,
20180922,17:27:15,26.25,
20180922,17:27:17,24.25,
20180922,17:27:18,20.75,
20180922,17:27:19,20.5,
20180922,17:27:20,24.75,
20180922,17:27:21,24.5,
20180922,17:27:23,26.0,
20180922,17:27:24,26.0,
20180922,17:27:25,26.0,
20180922,17:27:26,26.0,
20180922,17:27:27,26.0,
20180922,17:27:29,25.75,
20180922,17:27:30,26.0,
20180922,17:27:31,26.0,
20180922,17:27:32,26.0,
20180922,17:27:33,25.75,
20180922,17:27:35,25.75,
20180922,17:27:36,25.75,
20180922,17:27:37,25.75,
20180922,17:27:38,26.0,
20180922,17:27:40,26.0,
20180922,17:27:41,26.0,
20180922,17:27:42,26.0,
20180922,17:27:43,26.0,
20180922,17:27:44,26.0,
20180922,17:27:46,25.75,
20180922,17:27:47,25.75,
20180922,17:27:48,25.75,
20180922,17:27:49,25.75,
20180922,17:27:50,25.75,
20180922,17:27:52,25.75,
20180922,17:27:53,25.75,
20180922,17:27:54,25.75,
20180922,17:27:55,25.75,
20180922,17:27:56,25.75,
20180922,17:27:58,25.75,
20180922,17:27:59,25.75,
20180922,17:28:00,25.75,
20180922,17:28:01,25.75,
20180922,17:28:03,25.75,
20180922,17:28:04,25.75,
20180922,17:28:05,25.75,
20180922,17:28:06,25.75,
20180922,17:28:07,25.75,
20180922,17:28:09,25.75,
20180922,17:28:10,25.75,
20180922,17:28:11,25.75,
20180922,17:28:12,25.75,
20180922,17:28:13,25.75,
20180922,17:28:15,25.75,
20180922,17:28:16,25.75,
20180922,17:28:17,25.75,
20180922,17:28:18,25.75,
20180922,17:28:19,25.75,
20180922,17:28:21,25.75,
20180922,17:28:22,25.5,
20180922,17:28:23,25.75,
20180922,17:28:24,25.25,
20180922,17:28:26,25.5,
20180922,17:28:27,25.75,
20180922,17:28:28,25.75,
20180922,17:28:29,25.75,
20180922,17:28:30,25.75,
20180922,17:28:32,25.75,
20180922,17:28:33,25.75,
20180922,17:28:34,25.75,
20180922,17:28:35,25.75,
20180922,17:28:36,25.75,
20180922,17:28:38,25.75,
20180922,17:28:39,25.75,
20180922,17:28:40,25.75,
20180922,17:28:41,25.75,
20180922,17:28:42,25.75,
20180922,17:28:44,25.75,
20180922,17:28:45,25.75,
20180922,17:28:46,25.75,
20180922,17:28:47,25.75,
20180922,17:28:49,25.75,
20180922,17:28:50,25.75,
20180922,17:28:51,25.75,
20180922,17:28:52,25.75,
20180922,17:28:53,25.75,
20180922,17:28:55,25.5,
20180922,17:28:56,25.75,
20180922,17:28:57,25.75,
20180922,17:28:58,25.75,
20180922,17:28:59,25.75,
20180922,17:29:01,25.75,
20180922,17:29:02,25.75,
20180922,17:29:03,25.75,
20180922,17:29:04,25.75,
20180922,17:29:05,25.75,
20180922,17:29:07,25.75,
20180922,17:29:08,25.75,
20180922,17:29:09,25.75,
20180922,17:29:10,25.75,
20180922,17:29:12,25.75,
20180922,17:29:13,25.75,
20180922,17:29:14,25.75,
20180922,17:29:15,25.75,
20180922,17:29:16,25.75,
20180922,17:29:18,25.75,
20180922,17:29:19,25.75,
20180922,17:29:20,25.75,
20180922,17:29:21,25.75,
20180922,17:29:22,25.75,
20180922,17:29:24,25.75,
20180922,17:29:25,25.75,
20180922,17:29:26,25.75,
20180922,17:29:27,25.75,
20180922,17:29:28,25.75,
20180922,17:29:30,25.5,
20180922,17:29:31,25.5,
20180922,17:29:32,25.5,
20180922,17:29:33,25.5,
20180922,17:29:35,25.5,
20180922,17:29:36,25.5,
20180922,17:29:37,25.5,
20180922,17:29:38,25.5,
20180922,17:29:39,25.5,
20180922,17:29:41,25.5,
20180922,17:29:42,25.25,
20180922,17:29:43,25.25,
20180922,17:29:44,25.25,
20180922,17:29:45,25.25,
20180922,17:29:47,25.25,
20180922,17:29:48,25.25,
20180922,17:29:49,25.25,
20180922,17:29:50,25.25,
20180922,17:29:51,25.5,
20180922,17:29:53,25.5,
20180922,17:29:54,25.5,
20180922,17:29:55,25.5,
20180922,17:29:56,25.25,
20180922,17:29:58,25.25,
20180922,17:29:59,25.25,
20180922,17:30:00,25.25,
20180922,17:30:01,25.25,
20180922,17:30:02,25.25,
20180922,17:30:04,25.25,
20180922,17:30:05,25.25,
20180922,17:30:06,25.25,
20180922,17:30:07,25.25,
20180922,17:30:08,25.25,
20180922,17:30:10,25.25,
20180922,17:30:11,25.25,
20180922,17:30:12,25.25,
20180922,17:30:13,25.25,
20180922,17:30:14,25.25,
20180922,17:30:16,25.25,
20180922,17:30:17,25.25,
20180922,17:30:18,25.25,
20180922,17:30:19,25.25,
20180922,17:30:20,25.25,
20180922,17:30:22,25.25,
20180922,17:30:23,25.25,
20180922,17:30:24,25.25,
20180922,17:30:25,25.25,
20180922,17:30:27,25.25,
20180922,17:30:28,25.25,
20180922,17:30:29,25.25,
20180922,17:30:30,25.25,
20180922,17:30:31,25.25,
20180922,17:30:33,25.25,
20180922,17:30:34,25.25,
20180922,17:30:35,25.25,
20180922,17:30:36,25.25,
20180922,17:30:37,25.25,
20180922,17:30:39,25.25,
20180922,17:30:40,25.25,
20180922,17:30:41,25.25,
20180922,17:30:42,25.25,
20180922,17:30:43,25.25,
20180922,17:30:45,25.25,
20180922,17:30:46,25.25,
20180922,17:30:47,25.25,
20180922,17:30:48,25.25,
20180922,17:30:50,25.25,
20180922,17:30:51,25.25,
20180922,17:30:52,25.25,
20180922,17:30:53,25.25,
20180922,17:30:54,25.25,
20180922,17:30:56,25.25,
20180922,17:30:57,25.25,
20180922,17:30:58,24.5,
20180922,17:30:59,24.25,
20180922,17:31:00,25.25,
20180922,17:31:02,25.25,
20180922,17:31:03,25.25,
20180922,17:31:04,25.25,
20180922,17:31:08,25.25,
20180922,17:31:09,25.25,
20180922,17:31:10,25.25,
20180922,17:31:11,25.25,
20180922,17:31:12,25.25,
20180922,17:31:14,25.25,
20180922,17:31:15,25.25,
20180922,17:31:16,25.25,
20180922,17:31:17,25.25,
20180922,17:31:19,25.25,
20180922,17:31:20,25.25,
20180922,17:31:21,25.25,
20180922,17:31:22,25.25,
20180922,17:31:23,25.25,
20180922,17:31:25,25.25,
20180922,17:31:26,25.25,
20180922,17:31:27,25.0,
20180922,17:31:28,25.25,
20180922,17:31:29,25.25,
20180922,17:31:31,25.25,
20180922,17:31:32,25.0,
20180922,17:31:33,25.0,
20180922,17:31:34,25.0,
20180922,17:31:35,25.0,
20180922,17:31:37,25.0,
20180922,17:31:38,25.0,
20180922,17:31:39,25.0,
20180922,17:31:40,25.0,
20180922,17:31:42,25.0,
20180922,17:31:43,25.0,
20180922,17:31:44,25.0,
20180922,17:31:45,25.0,
20180922,17:31:46,25.0,
20180922,17:31:48,25.0,
20180922,17:31:49,25.0,
20180922,17:31:50,25.0,
20180922,17:31:51,25.0,
20180922,17:31:52,25.0,
20180922,17:31:54,25.0,
20180922,17:31:55,25.0,
20180922,17:31:56,25.0,
20180922,17:31:57,25.0,
20180922,17:31:58,25.0,
20180922,17:32:00,25.0,
20180922,17:32:01,25.0,
20180922,17:32:02,25.0,
20180922,17:32:03,25.0,
20180922,17:32:05,25.25,
20180922,17:32:06,25.25,
20180922,17:32:07,25.25,
20180922,17:32:08,25.25,
20180922,17:32:09,25.25,
20180922,17:32:11,25.25,
20180922,17:32:12,25.25,
20180922,17:32:13,25.25,
20180922,17:32:14,25.25,
20180922,17:32:15,25.25,
20180922,17:32:17,25.25,
20180922,17:32:18,25.25,
20180922,17:32:19,25.25,
20180922,17:32:20,25.25,
20180922,17:32:21,25.25,
20180922,17:32:23,25.25,
20180922,17:32:24,25.0,
20180922,17:32:25,25.0,
20180922,17:32:26,25.0,
20180922,17:32:28,25.0,
20180922,17:32:29,25.0,
20180922,17:32:30,25.0,
20180922,17:32:31,25.0,
20180922,17:32:32,25.0,
20180922,17:32:34,25.0,
20180922,17:32:35,25.0,
20180922,17:32:36,25.0,
20180922,17:32:37,25.0,
20180922,17:32:38,25.0,
20180922,17:32:40,25.0,
20180922,17:32:41,25.0,
20180922,17:32:42,25.0,
20180922,17:32:43,25.0,
20180922,17:32:44,25.0,
20180922,17:32:46,25.0,
20180922,17:32:47,25.0,
20180922,17:32:48,25.0,
20180922,17:32:49,25.0,
20180922,17:32:51,25.0,
20180922,17:32:52,25.0,
20180922,17:32:53,25.0,
20180922,17:32:54,25.0,
20180922,17:32:55,24.75,
20180922,17:32:57,24.75,
20180922,17:32:58,25.0,
20180922,17:32:59,24.75,
20180922,17:33:00,25.0,
20180922,17:33:01,24.75,
20180922,17:33:03,24.75,
20180922,17:33:04,24.75,
20180922,17:33:05,24.75,
20180922,17:33:06,25.0,
20180922,17:33:07,24.75,
20180922,17:33:09,25.0,
20180922,17:33:10,25.0,
20180922,17:33:11,24.75,
20180922,17:33:12,25.0,
20180922,17:33:14,24.75,
20180922,17:33:15,24.75,
20180922,17:33:16,25.0,
20180922,17:33:17,24.75,
20180922,17:33:18,25.0,
20180922,17:33:20,25.0,
20180922,17:33:21,25.0,
20180922,17:33:22,25.0,
20180922,17:33:23,25.0,
20180922,17:33:24,25.0,
20180922,17:33:26,24.75,
20180922,17:33:27,24.75,
20180922,17:33:28,24.75,
20180922,17:33:29,24.75,
20180922,17:33:30,25.0,
20180922,17:33:32,25.0,
20180922,17:33:33,25.0,
20180922,17:33:34,25.0,
20180922,17:33:35,25.0,
20180922,17:33:37,25.0,
20180922,17:33:38,25.0,
20180922,17:33:39,24.75,
20180922,17:33:40,24.75,
20180922,17:33:41,24.75,
20180922,17:33:43,24.75,
20180922,17:33:44,24.75,
20180922,17:33:45,24.75,
20180922,17:33:46,24.75,
20180922,17:33:47,24.75,
20180922,17:33:49,24.75,
20180922,17:33:50,24.75,
20180922,17:33:51,24.75,
20180922,17:33:52,24.75,
20180922,17:33:53,24.75,
20180922,17:33:55,24.75,
20180922,17:33:56,24.75,
20180922,17:33:57,24.75,
20180922,17:33:58,24.75,
20180922,17:34:00,24.75,
20180922,17:34:01,24.75,
20180922,17:34:02,24.75,
20180922,17:34:03,24.75,
20180922,17:34:04,24.75,
20180922,17:34:06,24.75,
20180922,17:34:07,24.75,
20180922,17:34:08,24.75,
20180922,17:34:09,24.75,
20180922,17:34:10,24.75,
20180922,17:34:12,24.75,
20180922,17:34:13,24.75,
20180922,17:34:14,24.75,
20180922,17:34:15,24.75,
20180922,17:34:16,24.75,
20180922,17:34:18,24.75,
20180922,17:34:19,24.75,
20180922,17:34:20,24.75,
20180922,17:34:21,24.75,
20180922,17:34:22,24.75,
20180922,17:34:24,24.75,
20180922,17:34:25,24.75,
20180922,17:34:26,24.75,
20180922,17:34:27,24.75,
20180922,17:34:29,24.5,
20180922,17:34:30,24.75,
20180922,17:34:31,24.75,
20180922,17:34:32,24.75,
20180922,17:34:33,24.75,
20180922,17:34:35,24.75,
20180922,17:34:36,24.75,
20180922,17:34:37,24.75,
20180922,17:34:38,24.75,
20180922,17:34:39,24.75,
20180922,17:34:41,24.75,
20180922,17:34:42,24.75,
20180922,17:34:43,24.75,
20180922,17:34:44,24.75,
20180922,17:34:45,24.75,
20180922,17:34:47,24.75,
20180922,17:34:48,24.75,
20180922,17:34:49,24.75,
20180922,17:34:50,24.75,
20180922,17:34:52,24.5,
20180922,17:34:53,24.75,
20180922,17:34:54,24.5,
20180922,17:34:55,24.75,
20180922,17:34:56,24.75,
20180922,17:34:58,24.75,
20180922,17:34:59,24.5,
20180922,17:35:00,24.75,
20180922,17:35:01,24.5,
20180922,17:35:02,24.75,
20180922,17:35:04,24.75,
20180922,17:35:05,24.75,
20180922,17:35:06,24.75,
20180922,17:35:07,24.5,
20180922,17:35:08,24.5,
20180922,17:35:10,24.75,
20180922,17:35:11,24.75,
20180922,17:35:12,24.75,
20180922,17:35:13,24.75,
20180922,17:35:15,24.5,
20180922,17:35:16,24.5,
20180922,17:35:17,24.5,
20180922,17:35:18,24.5,
20180922,17:35:19,24.75,
20180922,17:35:21,24.5,
20180922,17:35:22,24.5,
20180922,17:35:23,24.75,
20180922,17:35:24,24.75,
20180922,17:35:25,24.5,
20180922,17:35:27,24.75,
20180922,17:35:28,24.75,
20180922,17:35:29,24.75,
20180922,17:35:30,24.5,
20180922,17:35:31,24.5,
20180922,17:35:33,24.5,
20180922,17:35:34,24.75,
20180922,17:35:35,24.75,
20180922,17:35:36,24.75,
20180922,17:35:38,24.5,
20180922,17:35:39,24.5,
20180922,17:35:40,24.5,
20180922,17:35:41,24.5,
20180922,17:35:42,24.5,
20180922,17:35:44,24.5,
20180922,17:35:45,24.75,
20180922,17:35:46,24.75,
20180922,17:35:47,24.75,
20180922,17:35:48,24.5,
20180922,17:35:50,24.5,
20180922,17:35:51,24.5,
20180922,17:35:52,24.5,
20180922,17:35:53,24.5,
20180922,17:35:54,24.5,
20180922,17:35:56,24.5,
20180922,17:35:57,24.75,
20180922,17:35:58,24.5,
20180922,17:35:59,24.75,
20180922,17:36:01,24.5,
20180922,17:36:02,24.5,
20180922,17:36:03,24.5,
20180922,17:36:04,24.5,
20180922,17:36:05,24.5,
20180922,17:36:07,24.75,
20180922,17:36:08,24.5,
20180922,17:36:09,24.5,
20180922,17:36:10,24.5,
20180922,17:36:11,24.5,
20180922,17:36:13,24.5,
20180922,17:36:14,24.5,
20180922,17:36:15,24.5,
20180922,17:36:16,24.5,
20180922,17:36:17,24.5,
20180922,17:36:19,24.5,
20180922,17:36:20,24.5,
20180922,17:36:21,24.5,
20180922,17:36:22,24.5,
20180922,17:36:24,24.5,
20180922,17:36:25,24.5,
20180922,17:36:26,24.5,
20180922,17:36:27,24.5,
20180922,17:36:28,24.5,
20180922,17:36:30,24.5,
20180922,17:36:31,24.5,
20180922,17:36:32,24.5,
20180922,17:36:33,24.5,
20180922,17:36:34,24.5,
20180922,17:36:36,24.5,
20180922,17:36:37,24.5,
20180922,17:36:38,24.5,
20180922,17:36:39,24.5,
20180922,17:36:40,24.5,
20180922,17:36:42,24.5,
20180922,17:36:43,24.5,
20180922,17:36:44,24.5,
20180922,17:36:45,24.5,
20180922,17:36:47,24.5,
20180922,17:36:48,24.5,
20180922,17:36:49,24.5,
20180922,17:36:50,24.5,
20180922,17:36:51,24.5,
20180922,17:36:53,24.5,
20180922,17:36:54,24.5,
20180922,17:36:55,24.5,
20180922,17:36:56,24.5,
20180922,17:36:57,24.5,
20180922,17:36:59,24.5,
20180922,17:37:00,24.5,
20180922,17:37:01,24.5,
20180922,17:37:02,24.5,
20180922,17:37:03,24.5,
20180922,17:37:05,24.5,
20180922,17:37:06,24.5,
20180922,17:37:07,24.5,
20180922,17:37:08,24.5,
20180922,17:37:10,24.5,
20180922,17:37:11,24.5,
20180922,17:37:12,24.5,
20180922,17:37:13,24.5,
20180922,17:37:14,24.5,
20180922,17:37:16,24.5,
20180922,17:37:17,24.5,
20180922,17:37:18,24.5,
20180922,17:37:19,24.5,
20180922,17:37:20,24.5,
20180922,17:37:22,24.5,
20180922,17:37:23,24.5,
20180922,17:37:24,24.5,
20180922,17:37:25,24.5,
20180922,17:37:26,24.5,
20180922,17:37:28,24.5,
20180922,17:37:29,24.5,
20180922,17:37:30,24.5,
20180922,17:37:31,24.5,
20180922,17:37:33,24.5,
20180922,17:37:34,24.5,
20180922,17:37:35,24.5,
20180922,17:37:36,24.5,
20180922,17:37:37,24.25,
20180922,17:37:39,24.5,
20180922,17:37:40,24.5,
20180922,17:37:41,24.5,
20180922,17:37:42,24.5,
20180922,17:37:43,24.5,
20180922,17:37:45,24.5,
20180922,17:37:46,24.5,
20180922,17:37:47,24.5,
20180922,17:37:48,24.5,
20180922,17:37:49,24.5,
20180922,17:37:51,24.5,
20180922,17:37:52,24.5,
20180922,17:37:53,24.5,
20180922,17:37:54,24.5,
20180922,17:37:56,24.5,
20180922,17:37:57,24.25,
20180922,17:37:58,24.5,
20180922,17:37:59,24.5,
20180922,17:38:00,24.5,
20180922,17:38:02,24.5,
20180922,17:38:03,24.5,
20180922,17:38:04,24.25,
20180922,17:38:05,24.5,
20180922,17:38:06,24.25,
20180922,17:38:08,24.5,
20180922,17:38:09,24.25,
20180922,17:38:10,24.25,
20180922,17:38:11,24.25,
20180922,17:38:12,24.25,
20180922,17:38:14,24.25,
20180922,17:38:15,24.5,
20180922,17:38:16,24.25,
20180922,17:38:17,24.25,
20180922,17:38:19,24.5,
20180922,17:38:20,24.25,
20180922,17:38:21,24.25,
20180922,17:38:22,24.25,
20180922,17:38:23,24.25,
20180922,17:38:25,24.5,
20180922,17:38:26,24.25,
20180922,17:38:27,24.25,
20180922,17:38:28,24.25,
20180922,17:38:29,24.25,
20180922,17:38:31,24.25,
20180922,17:38:32,24.25,
20180922,17:38:33,24.25,
20180922,17:38:34,24.25,
20180922,17:38:35,24.25,
20180922,17:38:37,24.25,
20180922,17:38:38,24.25,
20180922,17:38:39,24.25,
20180922,17:38:40,24.25,
20180922,17:38:43,24.25,
20180922,17:38:44,24.25,
20180922,17:38:45,24.25,
20180922,17:38:46,24.5,
20180922,17:38:47,24.5,
20180922,17:38:49,24.5,
20180922,17:38:50,24.5,
20180922,17:38:51,24.5,
20180922,17:38:52,24.5,
20180922,17:38:53,24.5,
20180922,17:38:55,24.5,
20180922,17:38:56,24.5,
20180922,17:38:57,24.5,
20180922,17:38:58,24.5,
20180922,17:39:00,24.5,
20180922,17:39:01,24.5,
20180922,17:39:02,24.5,
20180922,17:39:03,24.5,
20180922,17:39:04,24.5,
20180922,17:39:06,24.5,
20180922,17:39:07,24.5,
20180922,17:39:08,24.5,
20180922,17:39:09,24.5,
20180922,17:39:10,24.5,
20180922,17:39:12,24.5,
20180922,17:39:13,24.5,
20180922,17:39:14,24.5,
20180922,17:39:15,24.5,
20180922,17:39:16,21.75,
20180922,17:39:18,23.0,
20180922,17:39:19,23.0,
20180922,17:39:20,24.5,
20180922,17:39:21,24.5,
20180922,17:39:23,24.5,
20180922,17:39:24,24.5,
20180922,17:39:25,24.5,
20180922,17:39:26,23.5,
20180922,17:39:27,24.5,
20180922,17:39:29,24.5,
20180922,17:39:30,24.5,
20180922,17:39:31,24.5,
20180922,17:39:32,24.5,
20180922,17:39:33,24.5,
20180922,17:39:35,24.5,
20180922,17:39:36,24.25,
20180922,17:39:37,24.25,
20180922,17:39:38,24.5,
20180922,17:39:39,24.5,
20180922,17:39:41,24.5,
20180922,17:39:42,24.5,
20180922,17:39:43,24.5,
20180922,17:39:44,24.5,
20180922,17:39:46,24.5,
20180922,17:39:47,24.5,
20180922,17:39:48,24.5,
20180922,17:39:49,24.25,
20180922,17:39:50,24.5,
20180922,17:39:52,24.5,
20180922,17:39:53,24.5,
20180922,17:39:54,24.5,
20180922,17:39:55,24.5,
20180922,17:39:56,24.5,
20180922,17:39:58,24.5,
20180922,17:39:59,22.0,
20180922,17:40:00,23.0,
20180922,17:40:01,24.5,
20180922,17:40:02,24.5,
20180922,17:40:04,24.5,
20180922,17:40:05,24.5,
20180922,17:40:06,24.5,
20180922,17:40:07,24.25,
20180922,17:40:08,24.5,
20180922,17:40:10,24.5,
20180922,17:40:11,24.5,
20180922,17:40:12,24.5,
20180922,17:40:13,24.5,
20180922,17:40:15,24.5,
20180922,17:40:16,24.5,
20180922,17:40:17,24.5,
20180922,17:40:18,24.5,
20180922,17:40:19,24.5,
20180922,17:40:21,24.5,
20180922,17:40:22,24.5,
20180922,17:40:23,24.5,
20180922,17:40:24,24.5,
20180922,17:40:25,24.5,
20180922,17:40:27,24.5,
20180922,17:40:28,24.5,
20180922,17:40:29,24.5,
20180922,17:40:30,24.5,
20180922,17:40:31,24.5,
20180922,17:40:33,24.5,
20180922,17:40:34,24.5,
20180922,17:40:35,24.5,
20180922,17:40:36,24.5,
20180922,17:40:38,24.5,
20180922,17:40:39,24.5,
20180922,17:40:40,24.5,
20180922,17:40:41,24.5,
20180922,17:40:42,24.5,
20180922,17:40:44,24.5,
20180922,17:40:45,24.5,
20180922,17:40:46,24.5,
20180922,17:40:47,24.5,
20180922,17:40:48,24.5,
20180922,17:40:50,24.5,
20180922,17:40:51,24.25,
20180922,17:40:52,24.25,
20180922,17:40:53,24.5,
20180922,17:40:54,24.5,
20180922,17:40:56,24.25,
20180922,17:40:57,24.5,
20180922,17:40:58,24.5,
20180922,17:40:59,24.5,
20180922,17:41:01,24.5,
20180922,17:41:02,24.5,
20180922,17:41:03,24.5,
20180922,17:41:04,24.5,
20180922,17:41:05,24.5,
20180922,17:41:07,24.25,
20180922,17:41:08,24.25,
20180922,17:41:09,24.25,
20180922,17:41:10,24.25,
20180922,17:41:11,24.25,
20180922,17:41:13,24.5,
20180922,17:41:14,24.25,
20180922,17:41:15,24.25,
20180922,17:41:16,24.5,
20180922,17:41:17,24.5,
20180922,17:41:19,24.5,
20180922,17:41:20,24.25,
20180922,17:41:21,24.5,
20180922,17:41:22,24.25,
20180922,17:41:24,24.5,
20180922,17:41:25,24.5,
20180922,17:41:26,24.25,
20180922,17:41:27,24.25,
20180922,17:41:28,24.5,
20180922,17:41:30,24.0,
20180922,17:41:31,24.0,
20180922,17:41:32,24.25,
20180922,17:41:33,24.5,
20180922,17:41:34,24.25,
20180922,17:41:36,24.25,
20180922,17:41:37,24.5,
20180922,17:41:38,24.5,
20180922,17:41:39,24.5,
20180922,17:41:40,24.5,
20180922,17:41:42,24.5,
20180922,17:41:43,24.5,
20180922,17:41:44,24.5,
20180922,17:41:45,24.5,
20180922,17:41:47,24.5,
20180922,17:41:48,24.5,
20180922,17:41:49,24.5,
20180922,17:41:50,24.5,
20180922,17:41:51,24.5,
20180922,17:41:53,24.5,
20180922,17:41:54,24.5,
20180922,17:41:55,24.5,
20180922,17:41:56,24.25,
20180922,17:41:57,24.5,
20180922,17:41:59,24.25,
20180922,17:42:00,24.25,
20180922,17:42:01,24.25,
20180922,17:42:02,24.25,
20180922,17:42:03,24.25,
20180922,17:42:05,24.25,
20180922,17:42:06,24.25,
20180922,17:42:07,24.25,
20180922,17:42:08,24.25,
20180922,17:42:10,24.25,
20180922,17:42:11,24.25,
20180922,17:42:12,24.25,
20180922,17:42:13,24.25,
20180922,17:42:14,24.25,
20180922,17:42:16,24.25,
20180922,17:42:17,24.25,
20180922,17:42:18,24.25,
20180922,17:42:19,24.25,
20180922,17:42:20,24.25,
20180922,17:42:22,24.25,
20180922,17:42:23,24.25,
20180922,17:42:24,24.25,
20180922,17:42:25,24.25,
20180922,17:42:26,24.25,
20180922,17:42:28,24.25,
20180922,17:42:29,24.25,
20180922,17:42:30,24.25,
20180922,17:42:31,24.25,
20180922,17:42:33,24.25,
20180922,17:42:34,24.25,
20180922,17:42:35,24.25,
20180922,17:42:36,24.25,
20180922,17:42:37,24.25,
20180922,17:42:39,24.25,
20180922,17:42:40,24.25,
20180922,17:42:41,24.25,
20180922,17:42:42,24.25,
20180922,17:42:43,24.25,
20180922,17:42:45,24.25,
20180922,17:42:46,24.25,
20180922,17:42:47,24.25,
20180922,17:42:48,24.25,
20180922,17:42:49,24.25,
20180922,17:42:51,24.25,
20180922,17:42:52,24.25,
20180922,17:42:53,24.25,
20180922,17:42:54,24.25,
20180922,17:42:56,24.25,
20180922,17:42:57,24.25,
20180922,17:42:58,24.25,
20180922,17:42:59,24.25,
20180922,17:43:00,24.25,
20180922,17:43:02,24.25,
20180922,17:43:03,24.25,
20180922,17:43:04,24.25,
20180922,17:43:05,24.25,
20180922,17:43:06,24.25,
20180922,17:43:08,24.25,
20180922,17:43:09,24.25,
20180922,17:43:10,24.25,
20180922,17:43:11,24.25,
20180922,17:43:12,24.25,
20180922,17:43:14,24.25,
20180922,17:43:15,24.0,
20180922,17:43:16,24.0,
20180922,17:43:17,24.25,
20180922,17:43:19,24.0,
20180922,17:43:20,24.0,
20180922,17:43:21,24.25,
20180922,17:43:22,24.25,
20180922,17:43:23,24.25,
20180922,17:43:25,24.25,
20180922,17:43:26,24.25,
20180922,17:43:27,24.25,
20180922,17:43:28,24.25,
20180922,17:43:29,24.25,
20180922,17:43:31,24.0,
20180922,17:43:32,24.25,
20180922,17:43:33,24.25,
20180922,17:43:34,24.0,
20180922,17:43:35,24.25,
20180922,17:43:37,24.0,
20180922,17:43:38,24.0,
20180922,17:43:39,24.25,
20180922,17:43:40,24.0,
20180922,17:43:42,24.25,
20180922,17:43:43,24.0,
20180922,17:43:44,24.0,
20180922,17:43:45,24.0,
20180922,17:43:46,24.0,
20180922,17:43:48,24.0,
20180922,17:43:49,24.25,
20180922,17:43:50,24.0,
20180922,17:43:51,24.0,
20180922,17:43:52,24.0,
20180922,17:43:54,24.0,
20180922,17:43:55,24.0,
20180922,17:43:56,24.25,
20180922,17:43:57,24.0,
20180922,17:43:58,24.0,
20180922,17:44:00,24.25,
20180922,17:44:01,24.25,
20180922,17:44:02,24.0,
20180922,17:44:03,24.0,
20180922,17:44:05,24.0,
20180922,17:44:06,24.25,
20180922,17:44:07,24.0,
20180922,17:44:08,24.0,
20180922,17:44:09,24.0,
20180922,17:44:11,24.25,
20180922,17:44:12,24.25,
20180922,17:44:13,24.0,
20180922,17:44:14,24.25,
20180922,17:44:15,24.0,
20180922,17:44:17,24.0,
20180922,17:44:18,24.0,
20180922,17:44:19,24.25,
20180922,17:44:20,24.25,
20180922,17:44:21,24.0,
20180922,17:44:23,24.25,
20180922,17:44:24,24.0,
20180922,17:44:25,24.0,
20180922,17:44:26,24.0,
20180922,17:44:27,24.0,
20180922,17:44:29,24.0,
20180922,17:44:30,24.0,
20180922,17:44:31,24.0,
20180922,17:44:32,24.0,
20180922,17:44:34,24.0,
20180922,17:44:35,24.0,
20180922,17:44:36,24.0,
20180922,17:44:37,24.0,
20180922,17:44:38,24.0,
20180922,17:44:40,24.0,
20180922,17:44:41,24.0,
20180922,17:44:42,24.0,
20180922,17:44:43,24.0,
20180922,17:44:44,24.0,
20180922,17:44:46,24.0,
20180922,17:44:47,24.0,
20180922,17:44:48,24.0,
20180922,17:44:49,24.0,
20180922,17:44:50,24.0,
20180922,17:44:52,24.0,
20180922,17:44:53,24.0,
20180922,17:44:54,24.0,
20180922,17:44:55,24.0,
20180922,17:44:57,24.0,
20180922,17:44:58,24.0,
20180922,17:44:59,24.0,
20180922,17:45:00,24.0,
20180922,17:45:01,24.0,
20180922,17:45:03,24.0,
20180922,17:45:04,24.0,
20180922,17:45:05,24.0,
20180922,17:45:06,24.0,
20180922,17:45:07,24.0,
20180922,17:45:09,24.0,
20180922,17:45:10,24.0,
20180922,17:45:11,24.0,
20180922,17:45:12,24.0,
20180922,17:45:13,24.0,
20180922,17:45:15,24.0,
20180922,17:45:16,24.0,
20180922,17:45:17,24.0,
20180922,17:45:18,24.0,
20180922,17:45:20,24.0,
20180922,17:45:21,24.0,
20180922,17:45:22,24.0,
20180922,17:45:23,24.0,
20180922,17:45:24,24.0,
20180922,17:45:26,24.0,
20180922,17:45:27,24.0,
20180922,17:45:28,24.0,
20180922,17:45:29,24.0,
20180922,17:45:30,24.0,
20180922,17:45:32,24.0,
20180922,17:45:33,24.0,
20180922,17:45:34,24.0,
20180922,17:45:35,24.0,
20180922,17:45:36,24.0,
20180922,17:45:38,24.0,
20180922,17:45:39,24.0,
20180922,17:45:40,24.0,
20180922,17:45:41,24.0,
20180922,17:45:43,24.0,
20180922,17:45:44,24.0,
20180922,17:45:45,24.0,
20180922,17:45:46,24.0,
20180922,17:45:47,24.0,
20180922,17:45:49,24.0,
20180922,17:45:50,24.0,
20180922,17:45:51,24.0,
20180922,17:45:52,24.0,
20180922,17:45:53,24.0,
20180922,17:45:55,24.0,
20180922,17:45:56,24.0,
20180922,17:45:57,24.0,
20180922,17:45:58,24.0,
20180922,17:45:59,24.0,
20180922,17:46:01,24.0,
20180922,17:46:02,24.0,
20180922,17:46:03,24.0,
20180922,17:46:04,24.0,
20180922,17:46:06,24.0,
20180922,17:46:07,24.0,
20180922,17:46:08,24.0,
20180922,17:46:09,24.0,
20180922,17:46:10,24.0,
20180922,17:46:12,24.0,
20180922,17:46:13,24.0,
20180922,17:46:14,24.0,
20180922,17:46:15,24.0,
20180922,17:46:16,24.0,
20180922,17:46:18,24.0,
20180922,17:46:19,24.0,
20180922,17:46:20,24.0,
20180922,17:46:21,24.0,
20180922,17:46:22,24.0,
20180922,17:46:24,24.0,
20180922,17:46:25,24.0,
20180922,17:46:26,24.0,
20180922,17:46:27,24.0,
20180922,17:46:29,24.0,
20180922,17:46:30,24.0,
20180922,17:46:31,24.0,
20180922,17:46:32,23.75,
20180922,17:46:33,23.75,
20180922,17:46:35,24.0,
20180922,17:46:36,24.0,
20180922,17:46:37,24.0,
20180922,17:46:38,24.0,
20180922,17:46:39,24.0,
20180922,17:46:41,24.0,
20180922,17:46:42,24.0,
20180922,17:46:43,24.0,
20180922,17:46:44,24.0,
20180922,17:46:45,24.0,
20180922,17:46:47,24.0,
20180922,17:46:48,24.0,
20180922,17:46:49,24.0,
20180922,17:46:50,24.0,
20180922,17:46:52,24.0,
20180922,17:46:53,24.0,
20180922,17:46:54,24.0,
20180922,17:46:55,24.0,
20180922,17:46:56,24.0,
20180922,17:46:58,24.0,
20180922,17:46:59,23.75,
20180922,17:47:00,24.0,
20180922,17:47:01,24.0,
20180922,17:47:02,23.75,
20180922,17:47:04,24.0,
20180922,17:47:05,24.0,
20180922,17:47:06,24.0,
20180922,17:47:07,24.0,
20180922,17:47:08,24.0,
20180922,17:47:10,24.0,
20180922,17:47:11,24.0,
20180922,17:47:12,24.0,
20180922,17:47:13,24.0,
20180922,17:47:15,24.0,
20180922,17:47:16,23.75,
20180922,17:47:17,24.0,
20180922,17:47:18,24.0,
20180922,17:47:19,24.0,
20180922,17:47:21,24.0,
20180922,17:47:22,24.0,
20180922,17:47:23,24.0,
20180922,17:47:24,24.0,
20180922,17:47:25,24.0,
20180922,17:47:27,24.0,
20180922,17:47:28,24.0,
20180922,17:47:29,23.75,
20180922,17:47:30,24.0,
20180922,17:47:31,24.0,
20180922,17:47:33,24.0,
20180922,17:47:34,24.0,
20180922,17:47:35,23.75,
20180922,17:47:36,24.0,
20180922,17:47:38,24.0,
20180922,17:47:39,24.0,
20180922,17:47:40,24.0,
20180922,17:47:41,23.75,
20180922,17:47:42,24.0,
20180922,17:47:44,24.0,
20180922,17:47:45,24.0,
20180922,17:47:46,24.0,
20180922,17:47:47,24.0,
20180922,17:47:48,24.0,
20180922,17:47:50,24.0,
20180922,17:47:51,23.75,
20180922,17:47:52,24.0,
20180922,17:47:53,24.0,
20180922,17:47:54,24.0,
20180922,17:47:56,24.0,
20180922,17:47:57,24.0,
20180922,17:47:58,24.0,
20180922,17:47:59,24.0,
20180922,17:48:01,24.0,
20180922,17:48:02,24.0,
20180922,17:48:03,24.0,
20180922,17:48:04,23.25,
20180922,17:48:05,24.0,
20180922,17:48:07,24.0,
20180922,17:48:08,24.0,
20180922,17:48:09,24.0,
20180922,17:48:10,24.0,
20180922,17:48:11,24.0,
20180922,17:48:13,24.0,
20180922,17:48:14,24.0,
20180922,17:48:15,24.0,
20180922,17:48:16,24.0,
20180922,17:48:17,24.0,
20180922,17:48:19,24.0,
20180922,17:48:20,24.0,
20180922,17:48:21,24.0,
20180922,17:48:22,24.0,
20180922,17:48:23,24.0,
20180922,17:48:25,24.0,
20180922,17:48:26,24.0,
20180922,17:48:27,23.75,
20180922,17:48:28,24.0,
20180922,17:48:30,24.0,
20180922,17:48:31,23.75,
20180922,17:48:32,24.0,
20180922,17:48:33,23.75,
20180922,17:48:34,24.0,
20180922,17:48:36,24.0,
20180922,17:48:37,23.0,
20180922,17:48:38,24.0,
20180922,17:48:39,24.0,
20180922,17:48:40,23.75,
20180922,17:48:42,23.75,
20180922,17:48:43,23.75,
20180922,17:48:44,23.75,
20180922,17:48:45,23.75,
20180922,17:48:46,23.75,
20180922,17:48:48,23.75,
20180922,17:48:49,24.0,
20180922,17:48:50,23.75,
20180922,17:48:51,17.25,
20180922,17:48:53,20.0,
20180922,17:48:54,23.75,
20180922,17:48:55,23.75,
20180922,17:48:56,23.75,
20180922,17:48:57,23.75,
20180922,17:48:59,23.75,
20180922,17:49:00,23.75,
20180922,17:49:01,23.75,
20180922,17:49:02,23.75,
20180922,17:49:03,23.75,
20180922,17:49:05,23.75,
20180922,17:49:06,23.75,
20180922,17:49:07,23.75,
20180922,17:49:08,23.75,
20180922,17:49:09,23.75,
20180922,17:49:11,23.75,
20180922,17:49:12,23.75,
20180922,17:49:13,23.75,
20180922,17:49:14,23.75,
20180922,17:49:16,23.75,
20180922,17:49:17,23.75,
20180922,17:49:18,23.75,
20180922,17:49:19,24.0,
20180922,17:49:20,23.75,
20180922,17:49:22,23.75,
20180922,17:49:23,23.75,
20180922,17:49:24,23.75,
20180922,17:49:25,23.75,
20180922,17:49:26,24.0,
20180922,17:49:28,23.75,
20180922,17:49:29,23.75,
20180922,17:49:30,24.0,
20180922,17:49:31,23.75,
20180922,17:49:32,23.75,
20180922,17:49:34,23.75,
20180922,17:49:35,23.75,
20180922,17:49:36,23.75,
20180922,17:49:37,23.75,
20180922,17:49:39,23.75,
20180922,17:49:40,23.75,
20180922,17:49:41,23.75,
20180922,17:49:42,23.75,
20180922,17:49:43,23.75,
20180922,17:49:45,23.75,
20180922,17:49:46,23.75,
20180922,17:49:47,23.75,
20180922,17:49:48,23.75,
20180922,17:49:49,23.75,
20180922,17:49:51,23.75,
20180922,17:49:52,23.75,
20180922,17:49:53,23.75,
20180922,17:49:54,24.0,
20180922,17:49:55,23.75,
20180922,17:49:57,23.75,
20180922,17:49:58,23.75,
20180922,17:49:59,23.75,
20180922,17:50:00,23.75,
20180922,17:50:02,23.75,
20180922,17:50:03,23.75,
20180922,17:50:04,23.75,
20180922,17:50:05,24.0,
20180922,17:50:06,23.75,
20180922,17:50:08,23.75,
20180922,17:50:09,23.75,
20180922,17:50:10,23.75,
20180922,17:50:11,23.75,
20180922,17:50:12,23.75,
20180922,17:50:14,23.75,
20180922,17:50:15,23.75,
20180922,17:50:16,23.75,
20180922,17:50:17,23.75,
20180922,17:50:18,23.75,
20180922,17:50:20,23.75,
20180922,17:50:21,23.75,
20180922,17:50:22,23.75,
20180922,17:50:23,23.75,
20180922,17:50:25,23.75,
20180922,17:50:26,23.75,
20180922,17:50:27,23.75,
20180922,17:50:28,23.75,
20180922,17:50:29,23.75,
20180922,17:50:31,23.75,
20180922,17:50:32,23.75,
20180922,17:50:33,23.75,
20180922,17:50:34,23.75,
20180922,17:50:35,23.75,
20180922,17:50:37,23.75,
20180922,17:50:38,23.75,
20180922,17:50:39,23.75,
20180922,17:50:40,23.75,
20180922,17:50:41,23.75,
20180922,17:50:43,23.75,
20180922,17:50:44,23.75,
20180922,17:50:45,23.75,
20180922,17:50:46,23.75,
20180922,17:50:48,23.75,
20180922,17:50:49,23.75,
20180922,17:50:50,23.75,
20180922,17:50:51,23.75,
20180922,17:50:52,23.75,
20180922,17:50:54,23.75,
20180922,17:50:55,23.75,
20180922,17:50:56,23.75,
20180922,17:50:57,23.75,
20180922,17:50:58,23.75,
20180922,17:51:00,23.75,
20180922,17:51:01,23.75,
20180922,17:51:02,23.75,
20180922,17:51:03,23.75,
20180922,17:51:04,23.75,
20180922,17:51:06,23.75,
20180922,17:51:07,23.75,
20180922,17:51:08,23.75,
20180922,17:51:09,23.75,
20180922,17:51:11,23.75,
20180922,17:51:12,23.75,
20180922,17:51:13,23.75,
20180922,17:51:14,23.75,
20180922,17:51:15,23.75,
20180922,17:51:17,23.75,
20180922,17:51:18,23.75,
20180922,17:51:19,23.75,
20180922,17:51:20,23.75,
20180922,17:51:21,23.75,
20180922,17:51:23,23.75,
20180922,17:51:24,23.75,
20180922,17:51:25,23.75,
20180922,17:51:26,23.75,
20180922,17:51:27,23.75,
20180922,17:51:29,23.75,
20180922,17:51:30,23.75,
20180922,17:51:31,23.75,
20180922,17:51:32,23.75,
20180922,17:51:34,23.75,
20180922,17:51:35,23.75,
20180922,17:51:36,23.75,
20180922,17:51:37,23.75,
20180922,17:51:38,23.75,
20180922,17:51:40,23.75,
20180922,17:51:41,23.75,
20180922,17:51:42,23.75,
20180922,17:51:43,23.75,
20180922,17:51:44,23.75,
20180922,17:51:46,23.75,
20180922,17:51:47,23.75,
20180922,17:51:48,23.75,
20180922,17:51:49,23.75,
20180922,17:51:50,23.75,
20180922,17:51:52,23.75,
20180922,17:51:53,23.75,
20180922,17:51:54,23.75,
20180922,17:51:55,23.75,
20180922,17:51:57,23.75,
20180922,17:51:58,23.75,
20180922,17:51:59,23.75,
20180922,17:52:00,23.75,
20180922,17:52:01,23.75,
20180922,17:52:03,23.75,
20180922,17:52:04,23.75,
20180922,17:52:05,23.75,
20180922,17:52:06,23.75,
20180922,17:52:07,23.75,
20180922,17:52:09,23.75,
20180922,17:52:10,23.75,
20180922,17:52:11,23.75,
20180922,17:52:12,23.75,
20180922,17:52:13,23.75,
20180922,17:52:15,23.75,
20180922,17:52:16,23.75,
20180922,17:52:17,23.75,
20180922,17:52:18,23.75,
20180922,17:52:20,23.75,
20180922,17:52:21,23.75,
20180922,17:52:22,23.75,
20180922,17:52:23,23.75,
20180922,17:52:24,23.75,
20180922,17:52:26,23.75,
20180922,17:52:27,23.75,
20180922,17:52:28,23.75,
20180922,17:52:29,23.75,
20180922,17:52:30,23.75,
20180922,17:52:32,23.75,
20180922,17:52:33,23.75,
20180922,17:52:34,23.75,
20180922,17:52:35,23.75,
20180922,17:52:36,23.75,
20180922,17:52:38,23.75,
20180922,17:52:39,23.75,
20180922,17:52:40,23.75,
20180922,17:52:41,23.75,
20180922,17:52:42,23.75,
20180922,17:52:44,23.75,
20180922,17:52:45,23.75,
20180922,17:52:46,23.75,
20180922,17:52:47,23.75,
20180922,17:52:49,23.75,
20180922,17:52:50,23.75,
20180922,17:52:51,23.75,
20180922,17:52:52,23.75,
20180922,17:52:53,23.75,
20180922,17:52:55,23.5,
20180922,17:52:56,23.75,
20180922,17:52:57,23.75,
20180922,17:52:58,23.5,
20180922,17:52:59,23.75,
20180922,17:53:01,23.75,
20180922,17:53:02,23.5,
20180922,17:53:03,23.75,
20180922,17:53:04,23.5,
20180922,17:53:05,23.75,
20180922,17:53:07,23.75,
20180922,17:53:08,23.75,
20180922,17:53:09,23.75,
20180922,17:53:10,23.75,
20180922,17:53:12,23.75,
20180922,17:53:13,23.5,
20180922,17:53:14,23.75,
20180922,17:53:15,23.75,
20180922,17:53:16,23.75,
20180922,17:53:18,23.5,
20180922,17:53:19,23.5,
20180922,17:53:20,23.75,
20180922,17:53:21,23.5,
20180922,17:53:22,23.75,
20180922,17:53:24,23.75,
20180922,17:53:25,23.75,
20180922,17:53:26,23.75,
20180922,17:53:27,23.75,
20180922,17:53:28,23.75,
20180922,17:53:30,23.75,
20180922,17:53:31,23.75,
20180922,17:53:32,23.75,
20180922,17:53:33,23.75,
20180922,17:53:35,23.75,
20180922,17:53:36,23.75,
20180922,17:53:37,23.75,
20180922,17:53:38,23.75,
20180922,17:53:39,23.75,
20180922,17:53:41,23.75,
20180922,17:53:42,23.75,
20180922,17:53:43,23.75,
20180922,17:53:44,23.75,
20180922,17:53:45,23.75,
20180922,17:53:47,23.75,
20180922,17:53:48,23.75,
20180922,17:53:49,23.75,
20180922,17:53:50,23.75,
20180922,17:53:51,23.75,
20180922,17:53:53,23.5,
20180922,17:53:54,23.75,
20180922,17:53:55,23.75,
20180922,17:53:56,23.75,
20180922,17:53:58,23.75,
20180922,17:53:59,23.75,
20180922,17:54:00,23.5,
20180922,17:54:01,23.75,
20180922,17:54:02,23.5,
20180922,17:54:04,23.75,
20180922,17:54:05,23.75,
20180922,17:54:06,23.75,
20180922,17:54:07,23.5,
20180922,17:54:08,23.75,
20180922,17:54:10,23.5,
20180922,17:54:11,23.5,
20180922,17:54:12,23.5,
20180922,17:54:13,23.75,
20180922,17:54:14,23.75,
20180922,17:54:16,23.5,
20180922,17:54:17,23.5,
20180922,17:54:18,23.75,
20180922,17:54:19,23.75,
20180922,17:54:21,23.75,
20180922,17:54:22,23.75,
20180922,17:54:23,23.75,
20180922,17:54:24,23.75,
20180922,17:54:25,23.75,
20180922,17:54:27,23.75,
20180922,17:54:28,23.5,
20180922,17:54:29,23.75,
20180922,17:54:30,23.75,
20180922,17:54:31,23.5,
20180922,17:54:33,23.75,
20180922,17:54:34,23.75,
20180922,17:54:35,23.75,
20180922,17:54:36,23.5,
20180922,17:54:37,23.5,
20180922,17:54:39,23.5,
20180922,17:54:40,23.75,
20180922,17:54:41,23.75,
20180922,17:54:42,23.75,
20180922,17:54:44,23.75,
20180922,17:54:45,23.75,
20180922,17:54:46,23.75,
20180922,17:54:47,23.75,
20180922,17:54:48,23.5,
20180922,17:54:50,23.5,
20180922,17:54:51,23.5,
20180922,17:54:52,23.75,
20180922,17:54:53,23.75,
20180922,17:54:54,23.5,
20180922,17:54:56,23.5,
20180922,17:54:57,23.5,
20180922,17:54:58,23.75,
20180922,17:54:59,23.5,
20180922,17:55:00,23.75,
20180922,17:55:02,23.5,
20180922,17:55:03,23.5,
20180922,17:55:04,23.5,
20180922,17:55:05,23.5,
20180922,17:55:07,23.75,
20180922,17:55:08,23.5,
20180922,17:55:09,23.5,
20180922,17:55:10,23.5,
20180922,17:55:11,23.5,
20180922,17:55:13,23.5,
20180922,17:55:14,23.5,
20180922,17:55:15,23.5,
20180922,17:55:16,23.5,
20180922,17:55:17,23.5,
20180922,17:55:19,23.5,
20180922,17:55:20,23.5,
20180922,17:55:21,23.5,
20180922,17:55:22,23.5,
20180922,17:55:23,23.5,
20180922,17:55:25,23.5,
20180922,17:55:26,23.5,
20180922,17:55:27,23.5,
20180922,17:55:28,23.5,
20180922,17:55:30,23.5,
20180922,17:55:31,23.5,
20180922,17:55:32,23.5,
20180922,17:55:33,23.5,
20180922,17:55:34,23.5,
20180922,17:55:36,23.5,
20180922,17:55:37,23.5,
20180922,17:55:38,23.5,
20180922,17:55:39,23.5,
20180922,17:55:40,23.5,
20180922,17:55:42,23.75,
20180922,17:55:43,23.75,
20180922,17:55:44,23.75,
20180922,17:55:45,23.5,
20180922,17:55:46,23.5,
20180922,17:55:48,23.5,
20180922,17:55:49,23.5,
20180922,17:55:50,23.75,
20180922,17:55:51,23.75,
20180922,17:55:53,23.75,
20180922,17:55:54,23.5,
20180922,17:55:55,23.5,
20180922,17:55:56,23.5,
20180922,17:55:57,23.5,
20180922,17:55:59,23.5,
20180922,17:56:00,23.5,
20180922,17:56:01,23.75,
20180922,17:56:02,23.5,
20180922,17:56:03,23.75,
20180922,17:56:05,23.75,
20180922,17:56:06,23.5,
20180922,17:56:07,23.5,
20180922,17:56:08,23.5,
20180922,17:56:09,23.5,
20180922,17:56:11,23.5,
20180922,17:56:12,23.5,
20180922,17:56:13,23.5,
20180922,17:56:14,23.5,
20180922,17:56:16,23.5,
20180922,17:56:17,23.75,
20180922,17:56:18,23.5,
20180922,17:56:19,23.5,
20180922,17:56:20,23.5,
20180922,17:56:22,23.75,
20180922,17:56:23,23.75,
20180922,17:56:24,23.5,
20180922,17:56:25,23.5,
20180922,17:56:26,23.5,
20180922,17:56:28,23.5,
20180922,17:56:29,23.5,
20180922,17:56:30,23.5,
20180922,17:56:31,23.5,
20180922,17:56:32,23.5,
20180922,17:56:34,23.5,
20180922,17:56:35,23.5,
20180922,17:56:36,23.5,
20180922,17:56:37,23.5,
20180922,17:56:39,23.5,
20180922,17:56:40,23.5,
20180922,17:56:41,23.5,
20180922,17:56:42,23.5,
20180922,17:56:43,23.5,
20180922,17:56:45,23.5,
20180922,17:56:46,23.5,
20180922,17:56:47,23.5,
20180922,17:56:48,23.5,
20180922,17:56:49,23.5,
20180922,17:56:51,23.5,
20180922,17:56:52,23.5,
20180922,17:56:53,23.5,
20180922,17:56:54,23.5,
20180922,17:56:55,23.5,
20180922,17:56:57,23.5,
20180922,17:56:58,23.5,
20180922,17:56:59,23.5,
20180922,17:57:00,23.5,
20180922,17:57:01,23.5,
20180922,17:57:03,23.5,
20180922,17:57:04,23.5,
20180922,17:57:05,23.5,
20180922,17:57:06,23.5,
20180922,17:57:08,23.5,
20180922,17:57:09,23.5,
20180922,17:57:10,23.5,
20180922,17:57:11,23.5,
20180922,17:57:12,23.5,
20180922,17:57:14,23.5,
20180922,17:57:15,23.5,
20180922,17:57:16,23.5,
20180922,17:57:17,23.5,
20180922,17:57:18,23.5,
20180922,17:57:20,23.5,
20180922,17:57:21,23.5,
20180922,17:57:22,23.5,
20180922,17:57:23,23.5,
20180922,17:57:24,23.5,
20180922,17:57:26,23.5,
20180922,17:57:27,23.5,
20180922,17:57:28,23.5,
20180922,17:57:29,23.5,
20180922,17:57:31,23.5,
20180922,17:57:32,23.5,
20180922,17:57:33,23.5,
20180922,17:57:34,23.5,
20180922,17:57:35,23.5,
20180922,17:57:37,23.5,
20180922,17:57:38,23.5,
20180922,17:57:39,23.5,
20180922,17:57:40,23.5,
20180922,17:57:41,23.5,
20180922,17:57:43,23.5,
20180922,17:57:44,23.5,
20180922,17:57:45,23.5,
20180922,17:57:46,23.5,
20180922,17:57:47,23.5,
20180922,17:57:49,23.5,
20180922,17:57:50,23.5,
20180922,17:57:51,23.5,
20180922,17:57:52,23.5,
20180922,17:57:54,23.5,
20180922,17:57:55,23.5,
20180922,17:57:56,23.5,
20180922,17:57:57,23.5,
20180922,17:57:58,23.5,
20180922,17:58:00,23.5,
20180922,17:58:01,23.5,
20180922,17:58:02,23.5,
20180922,17:58:03,23.5,
20180922,17:58:04,23.5,
20180922,17:58:06,23.5,
20180922,17:58:07,23.5,
20180922,17:58:08,23.5,
20180922,17:58:09,23.5,
20180922,17:58:10,23.5,
20180922,17:58:12,23.5,
20180922,17:58:13,23.5,
20180922,17:58:14,23.5,
20180922,17:58:15,23.5,
20180922,17:58:17,23.5,
20180922,17:58:18,23.5,
20180922,17:58:19,23.5,
20180922,17:58:20,23.5,
20180922,17:58:21,23.5,
20180922,17:58:23,23.5,
20180922,17:58:24,23.5,
20180922,17:58:25,23.5,
20180922,17:58:26,23.5,
20180922,17:58:27,23.5,
20180922,17:58:29,23.5,
20180922,17:58:30,23.5,
20180922,17:58:31,23.5,
20180922,17:58:32,23.25,
20180922,17:58:33,23.5,
20180922,17:58:35,23.5,
20180922,17:58:36,23.5,
20180922,17:58:37,23.5,
20180922,17:58:38,23.5,
20180922,17:58:40,23.5,
20180922,17:58:41,23.25,
20180922,17:58:42,23.5,
20180922,17:58:43,23.5,
20180922,17:58:44,23.5,
20180922,17:58:46,23.5,
20180922,17:58:47,23.5,
20180922,17:58:48,23.5,
20180922,17:58:49,23.5,
20180922,17:58:50,23.5,
20180922,17:58:52,23.5,
20180922,17:58:53,23.5,
20180922,17:58:54,23.5,
20180922,17:58:55,23.5,
20180922,17:58:56,23.5,
20180922,17:58:58,23.5,
20180922,17:58:59,23.5,
20180922,17:59:00,23.5,
20180922,17:59:01,23.5,
20180922,17:59:03,23.5,
20180922,17:59:04,23.5,
20180922,17:59:05,23.5,
20180922,17:59:06,23.5,
20180922,17:59:07,23.5,
20180922,17:59:09,23.5,
20180922,17:59:10,23.5,
20180922,17:59:11,23.5,
20180922,17:59:12,23.5,
20180922,17:59:13,23.5,
20180922,17:59:15,23.5,
20180922,17:59:16,23.5,
20180922,17:59:17,23.5,
20180922,17:59:18,23.5,
20180922,17:59:19,23.5,
20180922,17:59:21,23.5,
20180922,17:59:22,23.5,
20180922,17:59:23,23.5,
20180922,17:59:24,23.5,
20180922,17:59:26,23.5,
20180922,17:59:27,23.5,
20180922,17:59:28,23.5,
20180922,17:59:29,23.5,
20180922,17:59:30,23.5,
20180922,17:59:32,23.5,
20180922,17:59:33,23.5,
20180922,17:59:34,23.5,
20180922,17:59:35,23.5,
20180922,17:59:36,23.5,
20180922,17:59:38,23.5,
20180922,17:59:39,23.5,
20180922,17:59:40,23.5,
20180922,17:59:41,23.5,
20180922,17:59:42,23.5,
20180922,17:59:44,23.5,
20180922,17:59:45,23.5,
20180922,17:59:46,23.5,
20180922,17:59:47,23.5,
20180922,17:59:49,23.5,
20180922,17:59:50,23.5,
20180922,17:59:51,23.5,
20180922,17:59:52,23.5,
20180922,17:59:53,23.5,
20180922,17:59:55,23.5,
20180922,17:59:56,23.5,
20180922,17:59:57,23.5,
20180922,17:59:58,23.5,
20180922,17:59:59,23.5,
20180922,18:00:01,23.5,
20180922,18:00:02,23.5,
20180922,18:00:03,23.5,
20180922,18:00:04,23.5,
20180922,18:00:05,23.5,
20180922,18:00:07,23.5,
20180922,18:00:08,23.5,
20180922,18:00:09,23.5,
20180922,18:00:10,23.5,
20180922,18:00:12,23.5,
20180922,18:00:13,23.5,
20180922,18:00:14,23.5,
20180922,18:00:15,23.5,
20180922,18:00:16,23.5,
20180922,18:00:18,23.5,
20180922,18:00:19,23.5,
20180922,18:00:20,23.5,
20180922,18:00:21,23.5,
20180922,18:00:22,23.5,
20180922,18:00:24,23.5,
20180922,18:00:25,23.5,
20180922,18:00:26,23.5,
20180922,18:00:27,23.5,
20180922,18:00:28,23.5,
20180922,18:00:30,23.5,
20180922,18:00:31,23.5,
20180922,18:00:32,23.5,
20180922,18:00:33,23.5,
20180922,18:00:35,23.5,
20180922,18:00:36,23.5,
20180922,18:00:37,23.5,
20180922,18:00:38,23.5,
20180922,18:00:39,23.5,
20180922,18:00:41,23.5,
20180922,18:00:42,23.5,
20180922,18:00:43,23.5,
20180922,18:00:44,23.5,
20180922,18:00:45,23.5,
20180922,18:00:47,23.5,
20180922,18:00:48,23.5,
20180922,18:00:49,23.5,
20180922,18:00:50,23.5,
20180922,18:00:51,23.5,
20180922,18:00:53,23.5,
20180922,18:00:54,23.5,
20180922,18:00:55,23.5,
20180922,18:00:56,23.5,
20180922,18:00:57,23.5,
20180922,18:00:59,23.5,
20180922,18:01:00,23.5,
20180922,18:01:01,23.5,
20180922,18:01:02,23.5,
20180922,18:01:04,23.5,
20180922,18:01:05,23.5,
20180922,18:01:06,23.5,
20180922,18:01:07,23.5,
20180922,18:01:08,23.5,
20180922,18:01:10,23.5,
20180922,18:01:11,23.5,
20180922,18:01:12,23.5,
20180922,18:01:13,23.5,
20180922,18:01:14,23.5,
20180922,18:01:16,23.5,
20180922,18:01:17,23.5,
20180922,18:01:18,23.5,
20180922,18:01:19,23.5,
20180922,18:01:20,23.5,
20180922,18:01:22,23.5,
20180922,18:01:23,23.5,
20180922,18:01:24,23.5,
20180922,18:01:25,23.5,
20180922,18:01:27,23.5,
20180922,18:01:28,23.5,
20180922,18:01:29,23.5,
20180922,18:01:30,23.5,
20180922,18:01:31,23.5,
20180922,18:01:33,23.5,
20180922,18:01:34,23.5,
20180922,18:01:35,23.5,
20180922,18:01:36,23.5,
20180922,18:01:37,23.5,
20180922,18:01:39,23.5,
20180922,18:01:40,23.5,
20180922,18:01:41,23.5,
20180922,18:01:42,23.5,
20180922,18:01:43,23.5,
20180922,18:01:45,23.5,
20180922,18:01:46,23.5,
20180922,18:01:47,23.5,
20180922,18:01:48,23.5,
20180922,18:01:50,23.5,
20180922,18:01:51,23.5,
20180922,18:01:52,23.5,
20180922,18:01:53,23.5,
20180922,18:01:54,23.5,
20180922,18:01:56,23.5,
20180922,18:01:57,23.5,
20180922,18:01:58,23.5,
20180922,18:01:59,23.5,
20180922,18:02:00,23.5,
20180922,18:02:02,23.5,
20180922,18:02:03,23.5,
20180922,18:02:04,23.5,
20180922,18:02:05,23.5,
20180922,18:02:06,23.5,
20180922,18:02:08,23.5,
20180922,18:02:09,23.5,
20180922,18:02:10,23.5,
20180922,18:02:11,23.5,
20180922,18:02:13,23.5,
20180922,18:02:14,23.5,
20180922,18:02:15,23.5,
20180922,18:02:16,23.5,
20180922,18:02:17,23.5,
20180922,18:02:19,23.5,
20180922,18:02:20,23.5,
20180922,18:02:21,23.5,
20180922,18:02:22,23.5,
20180922,18:02:23,23.5,
20180922,18:02:25,23.5,
20180922,18:02:26,23.25,
20180922,18:02:27,23.5,
20180922,18:02:28,23.5,
20180922,18:02:29,23.5,
20180922,18:02:31,23.5,
20180922,18:02:32,23.5,
20180922,18:02:33,23.5,
20180922,18:02:34,23.5,
20180922,18:02:36,23.5,
20180922,18:02:37,23.5,
20180922,18:02:38,23.5,
20180922,18:02:39,23.5,
20180922,18:02:40,23.5,
20180922,18:02:42,23.5,
20180922,18:02:43,23.5,
20180922,18:02:44,23.25,
20180922,18:02:45,23.5,
20180922,18:02:46,23.5,
20180922,18:02:48,23.5,
20180922,18:02:49,23.5,
20180922,18:02:50,23.5,
20180922,18:02:51,23.5,
20180922,18:02:52,23.5,
20180922,18:02:54,23.5,
20180922,18:02:55,23.5,
20180922,18:02:56,23.5,
20180922,18:02:57,23.5,
20180922,18:02:59,23.5,
20180922,18:03:00,23.5,
20180922,18:03:01,23.5,
20180922,18:03:02,23.5,
20180922,18:03:03,23.25,
20180922,18:03:05,23.5,
20180922,18:03:06,23.5,
20180922,18:03:07,23.5,
20180922,18:03:08,23.5,
20180922,18:03:09,23.5,
20180922,18:03:11,23.5,
20180922,18:03:12,23.5,
20180922,18:03:13,23.5,
20180922,18:03:14,23.5,
20180922,18:03:15,23.5,
20180922,18:03:17,23.5,
20180922,18:03:18,23.5,
20180922,18:03:19,23.5,
20180922,18:03:20,23.5,
20180922,18:03:22,23.5,
20180922,18:03:23,23.5,
20180922,18:03:24,23.5,
20180922,18:03:25,23.5,
20180922,18:03:26,23.5,
20180922,18:03:28,23.5,
20180922,18:03:29,23.5,
20180922,18:03:30,23.5,
20180922,18:03:31,23.5,
20180922,18:03:32,23.5,
20180922,18:03:34,23.5,
20180922,18:03:35,23.5,
20180922,18:03:36,23.5,
20180922,18:03:37,23.5,
20180922,18:03:38,23.5,
20180922,18:03:40,23.25,
20180922,18:03:41,23.5,
20180922,18:03:42,23.5,
20180922,18:03:43,23.5,
20180922,18:03:45,23.5,
20180922,18:03:46,23.5,
20180922,18:03:47,23.5,
20180922,18:03:48,23.5,
20180922,18:03:49,23.5,
20180922,18:03:51,23.5,
20180922,18:03:52,23.5,
20180922,18:03:53,23.5,
20180922,18:03:54,23.5,
20180922,18:03:55,23.5,
20180922,18:03:57,19.5,
20180922,18:03:58,17.0,
20180922,18:03:59,17.5,
20180922,18:04:00,15.0,
20180922,18:04:01,15.25,
20180922,18:04:03,15.25,
20180922,18:04:04,17.75,
20180922,18:04:05,19.25,
20180922,18:04:06,18.75,
20180922,18:04:08,18.75,
20180922,18:04:09,17.75,
20180922,18:04:10,17.5,
20180922,18:04:11,18.5,
20180922,18:04:12,18.0,
20180922,18:04:14,18.5,
20180922,18:04:15,18.0,
20180922,18:04:16,17.75,
20180922,18:04:17,16.75,
20180922,18:04:18,19.0,
20180922,18:04:20,18.25,
20180922,18:04:21,18.5,
20180922,18:04:22,16.25,
20180922,18:04:23,16.0,
20180922,18:04:24,23.25,
20180922,18:04:26,23.5,
20180922,18:04:27,23.25,
20180922,18:04:28,23.25,
20180922,18:04:29,23.25,
20180922,18:04:31,23.25,
20180922,18:04:32,23.25,
20180922,18:04:33,19.0,
20180922,18:04:34,18.75,
20180922,18:04:35,19.0,
20180922,18:04:37,19.0,
20180922,18:04:38,19.75,
20180922,18:04:39,19.75,
20180922,18:04:40,18.75,
20180922,18:04:41,23.5,
20180922,18:04:43,23.5,
20180922,18:04:44,23.5,
20180922,18:04:45,23.5,
20180922,18:04:46,23.5,
20180922,18:04:47,23.5,
20180922,18:04:49,23.5,
20180922,18:04:50,23.5,
20180922,18:04:51,23.5,
20180922,18:04:52,23.5,
20180922,18:04:53,23.5,
20180922,18:04:55,23.5,
20180922,18:04:56,23.5,
20180922,18:04:57,23.5,
20180922,18:04:58,23.5,
20180922,18:05:00,23.5,
20180922,18:05:01,23.5,
20180922,18:05:02,23.5,
20180922,18:05:03,23.5,
20180922,18:05:04,23.5,
20180922,18:05:06,23.5,
20180922,18:05:07,23.5,
20180922,18:05:08,23.5,
20180922,18:05:09,23.25,
20180922,18:05:10,23.5,
20180922,18:05:12,23.5,
20180922,18:05:13,23.5,
20180922,18:05:14,23.25,
20180922,18:05:15,23.5,
20180922,18:05:16,23.5,
20180922,18:05:18,23.5,
20180922,18:05:19,23.5,
20180922,18:05:20,23.5,
20180922,18:05:21,23.5,
20180922,18:05:23,23.25,
20180922,18:05:24,23.5,
20180922,18:05:25,23.5,
20180922,18:05:26,23.25,
20180922,18:05:27,23.25,
20180922,18:05:29,23.5,
20180922,18:05:30,23.25,
20180922,18:05:31,23.5,
20180922,18:05:32,23.25,
20180922,18:05:33,23.5,
20180922,18:05:35,23.25,
20180922,18:05:36,23.25,
20180922,18:05:37,23.5,
20180922,18:05:38,23.5,
20180922,18:05:39,23.5,
20180922,18:05:41,23.5,
20180922,18:05:42,23.5,
20180922,18:05:43,23.5,
20180922,18:05:44,23.25,
20180922,18:05:46,23.5,
20180922,18:05:47,23.5,
20180922,18:05:48,23.5,
20180922,18:05:49,23.5,
20180922,18:05:50,23.5,
20180922,18:05:52,23.5,
20180922,18:05:53,23.5,
20180922,18:05:54,23.25,
20180922,18:05:55,23.5,
20180922,18:05:56,23.5,
20180922,18:05:58,23.5,
20180922,18:05:59,23.25,
20180922,18:06:00,23.25,
20180922,18:06:01,23.25,
20180922,18:06:02,23.5,
20180922,18:06:04,23.25,
20180922,18:06:05,23.25,
20180922,18:06:06,23.5,
20180922,18:06:07,23.5,
20180922,18:06:09,23.5,
20180922,18:06:10,23.5,
20180922,18:06:11,23.5,
20180922,18:06:12,23.5,
20180922,18:06:13,23.5,
20180922,18:06:15,23.5,
20180922,18:06:16,23.5,
20180922,18:06:17,23.5,
20180922,18:06:18,23.5,
20180922,18:06:19,23.5,
